Frame #,BOND,ANGLE,DIHED,UB,IMP,CMAP,VDWAALS,EEL,1-4 VDW,1-4 EEL,EGB,ESURF,DELTA G gas,DELTA G solv,DELTA TOTAL
0,0.00010000000000420783,-2.4868995751603507e-14,5.684341886080802e-14,0.0,0.0,0.0,-49.15150000000001,-480.32150000000087,0.00010000000000687237,-5.684341886080802e-14,473.84419999999994,-7.55215344,-529.4728000000005,466.29204656000013,-63.180753440000046


